{"cameraMode":{"drawMode":0,"name":"Shaded","section":"Shading Mode"},"sceneLighting":true,"audioPlay":false,"sceneViewState":{"m_AlwaysRefresh":false,"showFog":true,"showSkybox":true,"showFlares":true,"showImageEffects":true,"showParticleSystems":true,"showVisualEffectGraphs":true,"m_FxEnabled":true},"in2DMode":false,"pivot":{"x":-1.0021015405654908,"y":3.640507221221924,"z":32.033931732177737},"rotation":{"x":-0.04103710129857063,"y":-0.9554756879806519,"z":0.24478909373283387,"w":-0.15996365249156953},"size":5.555787086486816,"orthographic":false}