{"cameraMode":{"drawMode":0,"name":"Shaded","section":"Shading Mode"},"sceneLighting":true,"audioPlay":false,"sceneViewState":{"m_AlwaysRefresh":false,"showFog":true,"showSkybox":true,"showFlares":true,"showImageEffects":true,"showParticleSystems":true,"showVisualEffectGraphs":true,"m_FxEnabled":true},"in2DMode":false,"pivot":{"x":-2.1276767253875734,"y":1.0577092170715333,"z":31.758148193359376},"rotation":{"x":0.06014133244752884,"y":0.9398189187049866,"z":-0.24378937482833863,"w":0.23177887499332429},"size":9.670485496520996,"orthographic":false}