{"cameraMode":{"drawMode":0,"name":"Shaded","section":"Shading Mode"},"sceneLighting":true,"audioPlay":false,"sceneViewState":{"m_AlwaysRefresh":false,"showFog":true,"showSkybox":true,"showFlares":true,"showImageEffects":true,"showParticleSystems":true,"showVisualEffectGraphs":true,"m_FxEnabled":true},"in2DMode":false,"pivot":{"x":-0.22596654295921327,"y":6.489979267120361,"z":31.290103912353517},"rotation":{"x":-0.001426894566975534,"y":0.9969902038574219,"z":-0.07522695511579514,"w":-0.019145488739013673},"size":6.36420202255249,"orthographic":false}