{"cameraMode":{"drawMode":0,"name":"Shaded","section":"Shading Mode"},"sceneLighting":true,"audioPlay":false,"sceneViewState":{"m_AlwaysRefresh":false,"showFog":true,"showSkybox":true,"showFlares":true,"showImageEffects":true,"showParticleSystems":true,"showVisualEffectGraphs":true,"m_FxEnabled":true},"in2DMode":false,"pivot":{"x":5.267129421234131,"y":-26.376449584960939,"z":-39.82280731201172},"rotation":{"x":-0.34917569160461428,"y":0.01664331741631031,"z":-0.005981556139886379,"w":-0.9369765520095825},"size":65.83724212646485,"orthographic":false}